2025	2025042200101A_1749451333113.pdf	http://hzbmmc.com:9000/hzb/jeditor/2025042200101A_1749451333113.pdf
2025	2025042200224A_1749451347622.pdf	http://hzbmmc.com:9000/hzb/jeditor/2025042200224A_1749451347622.pdf
2025	2025042200346A_1749451359006.pdf	http://hzbmmc.com:9000/hzb/jeditor/2025042200346A_1749451359006.pdf
2025	2025042200547A_1749451368599.pdf	http://hzbmmc.com:9000/hzb/jeditor/2025042200547A_1749451368599.pdf
2025	2025042200599A_1749451379767.pdf	http://hzbmmc.com:9000/hzb/jeditor/2025042200599A_1749451379767.pdf
2024	2024042200254A_1719297687208.pdf	http://hzbmmc.com:9000/hzb/jeditor/2024042200254A_1719297687208.pdf
2024	2024042200257A_1719297729613.pdf	http://hzbmmc.com:9000/hzb/jeditor/2024042200257A_1719297729613.pdf
2024	2024042200309A_1719297751974.pdf	http://hzbmmc.com:9000/hzb/jeditor/2024042200309A_1719297751974.pdf
2024	2024042200347A_1719297773066.pdf	http://hzbmmc.com:9000/hzb/jeditor/2024042200347A_1719297773066.pdf
2024	2024042200352A_1719297786671.pdf	http://hzbmmc.com:9000/hzb/jeditor/2024042200352A_1719297786671.pdf
2024	2024042200593A_1719297888616.pdf	http://hzbmmc.com:9000/hzb/jeditor/2024042200593A_1719297888616.pdf
2024	2024042200662A_1719297907739.pdf	http://hzbmmc.com:9000/hzb/jeditor/2024042200662A_1719297907739.pdf
2024	2024042200689A_1719297956737.pdf	http://hzbmmc.com:9000/hzb/jeditor/2024042200689A_1719297956737.pdf
2024	2024042200690A_1719298006806.pdf	http://hzbmmc.com:9000/hzb/jeditor/2024042200690A_1719298006806.pdf
2024	2024042200723A_1719298057245.pdf	http://hzbmmc.com:9000/hzb/jeditor/2024042200723A_1719298057245.pdf
2024	2024042200754A_1719298070671.pdf	http://hzbmmc.com:9000/hzb/jeditor/2024042200754A_1719298070671.pdf
